id,lon,lat,time
1,141.10001,-37.16,2016-10-05
2,141.45999,-37.86,2016-10-05
3,147.22,-37.85,2016-10-05
4,141.46999499999998,-37.86,2016-10-07
5,144.98,-37.43999,2016-10-07
6,141.17999,-37.7,2016-10-13
7,143.3,-34.86,2016-10-24
8,147.22,-37.85,2016-10-28
9,147.289995,-37.88,2016-10-31
10,143.36,-37.4,2016-11-02
11,146.135,-36.835,2016-11-03
12,142.45999,-37.34,2016-11-03
13,140.98,-34.17,2016-11-03
14,147.23999,-37.85,2016-11-05
15,143.40999499999998,-37.269995,2016-11-08
16,143.42,-37.269995,2016-11-15
17,142.92,-36.83,2016-11-15
18,144.98,-36.29,2016-11-15
19,143.52,-37.32,2016-11-16
20,147.7,-35.98,2016-11-18
21,147.88,-36.35,2016-11-18
22,141.82001,-35.56,2016-11-18
23,141.58736789473684,-35.39578894736842,2016-11-18
24,141.43333333333334,-35.63333333333333,2016-11-18
25,143.10001,-38.62,2016-11-19
26,145.669995,-37.589995,2016-11-19
27,145.91333,-37.66,2016-11-19
28,141.2,-37.46,2016-11-19
29,142.03999,-37.28,2016-11-19
30,147.3699975,-37.46,2016-11-20
31,147.7,-37.54,2016-11-20
32,147.72,-37.61,2016-11-20
33,147.09000500000002,-37.65,2016-11-20
34,147.38,-37.57999,2016-11-20
35,148.256,-36.9,2016-11-20
36,147.16666333333333,-37.72,2016-11-20
37,147.01999,-37.74,2016-11-20
38,147.17999,-37.8,2016-11-20
39,148.01999,-37.6,2016-11-20
40,148.389995,-36.989999999999995,2016-11-20
41,148.04001,-37.42,2016-11-20
42,141.12000333333333,-37.21,2016-11-22
43,141.269995,-37.015,2016-11-23
44,143.55333,-36.08666,2016-11-23
45,145.98,-36.17,2016-11-26
46,144.67999666666665,-36.92,2016-11-27
47,147.25,-37.85,2016-11-28
48,141.35000000000002,-37.24,2016-11-29
49,141.59000500000002,-37.32,2016-11-30
50,144.98,-36.93999,2016-11-30
51,148.73999,-37.72,2016-12-02
52,146.58,-37.47,2016-12-04
53,147.3,-37.88,2016-12-05
54,144.110005,-37.84,2016-12-11
55,142.44,-37.929995000000005,2016-12-14
56,141.191996,-34.263996,2016-12-16
57,144.10001,-36.68,2016-12-19
58,142.37,-36.36,2016-12-19
59,143.82667333333333,-36.38666666666667,2016-12-20
60,144.671998,-37.708,2016-12-23
61,147.10667333333333,-37.733333333333334,2016-12-23
62,142.689995,-35.749995,2016-12-24
63,142.89332666666667,-36.20666666666667,2016-12-24
64,144.270005,-37.510000000000005,2016-12-27
65,141.810005,-36.53,2016-12-27
66,142.66,-37.41,2016-12-27
67,142.5149975,-37.4349975,2016-12-27
68,146.62,-37.57999,2016-12-27
69,145.729995,-37.769995,2016-12-27
70,146.77499875,-37.85,2016-12-27
71,142.28,-37.429995000000005,2016-12-27
72,146.75,-37.91,2016-12-27
73,140.98,-35.75999,2016-12-27
74,141.81334,-36.806666666666665,2016-12-27
75,142.23999,-37.42,2016-12-27
76,145.78,-37.730000000000004,2016-12-27
77,145.550005,-37.989999999999995,2016-12-27
78,141.549995,-35.569995000000006,2016-12-27
79,141.58,-35.730000000000004,2016-12-27
80,141.64499916666665,-35.784999166666665,2016-12-27
81,147.23999,-37.74,2016-12-27
82,141.408746875,-35.7612475,2016-12-27
83,141.7799975,-35.730000000000004,2016-12-27
84,143.75999,-36.81,2016-12-27
85,143.83333666666667,-37.486666666666665,2016-12-27
86,143.60001,-37.86,2016-12-27
87,143.94,-37.5,2016-12-27
88,143.55333,-36.09333,2017-01-01
89,141.135,-34.985,2017-01-03
90,141.689995,-34.84,2017-01-03
91,141.34,-35,2017-01-03
92,141.7399925,-34.5849975,2017-01-06
93,143.96999499999998,-38.1,2017-01-08
94,141.320006,-37.694,2017-01-15
95,141.41817636363635,-37.719998181818184,2017-01-15
96,141.29000000000002,-37.81,2017-01-15
97,141.00571428571428,-37.84285714285714,2017-01-15
98,143.62,-38.55999666666667,2017-01-15
99,142.33333666666667,-37.486666666666665,2017-01-15
100,141.79000000000002,-37.91,2017-01-15
101,143.57,-38.52,2017-01-15
102,143.52499749999998,-38.5499975,2017-01-15
103,143.41999666666666,-38.6,2017-01-15
104,141.1699975,-37.555,2017-01-15
105,141.23999,-37.6,2017-01-15
106,142.34400200000002,-37.168,2017-01-15
107,141.337503125,-37.339999375,2017-01-15
108,142.169995,-37.29,2017-01-15
109,142.539994,-37.336,2017-01-15
110,141.32667333333333,-37.46666666666667,2017-01-15
111,144.60667333333333,-37.76666,2017-01-15
112,143.5,-38.46,2017-01-15
113,142.389995,-37.269995,2017-01-15
114,142.0199975,-37.285,2017-01-15
115,144.92666499999999,-37.64666666666667,2017-01-15
116,142.79000000000002,-37.39,2017-01-15
117,144.92,-37.72,2017-01-15
118,144.79999,-37.759996666666666,2017-01-15
119,141.36666666666667,-37.88,2017-01-15
120,141.41333,-36.626666666666665,2017-01-15
121,141.689995,-36.61,2017-01-15
122,141.8,-36.7,2017-01-15
123,145.14666666666665,-37.013333333333335,2017-01-15
124,142.13,-37.069995000000006,2017-01-15
125,145.28,-37.32,2017-01-15
126,145.26001,-37.4,2017-01-15
127,141.73999,-36.66,2017-01-15
128,145.21714,-37.10285428571429,2017-01-15
129,145.30666333333335,-37.413333333333334,2017-01-15
130,142.08,-38.04,2017-01-15
131,141.5,-37.21,2017-01-15
132,145.34,-37.28,2017-01-15
133,141.3,-37.32,2017-01-15
134,145.35000000000002,-37.34,2017-01-15
135,145.04001,-37.589995,2017-01-15
136,141.132,-37.656,2017-01-15
137,140.99,-37.4,2017-01-15
138,144.81,-37.55,2017-01-15
139,144.51999,-37.65,2017-01-15
140,142.23999,-37.06,2017-01-15
141,141.2,-37.39,2017-01-15
142,141.32001,-36.75999,2017-01-15
143,142.2,-37,2017-01-15
144,146.48,-37.93999,2017-01-16
145,148.47333,-37.20666666666667,2017-01-16
146,145.36,-37.8,2017-01-16
147,145.509995,-37.589995,2017-01-16
148,145.51999,-37.65,2017-01-16
149,145.5,-37.7,2017-01-16
150,146.34,-36.7,2017-01-16
151,148.39999799999998,-36.951996,2017-01-16
152,146.634285,-37.80571285714286,2017-01-16
153,146.58,-37.92,2017-01-16
154,149.29714285714286,-37.285712857142855,2017-01-16
155,145.45999,-37.52,2017-01-16
156,145.289995,-37.83,2017-01-16
157,146.23999,-37.89,2017-01-16
158,146.669995,-38.429995000000005,2017-01-16
159,148.6050025,-37.025000000000006,2017-01-16
160,148.57,-37.11,2017-01-16
161,146.65304130434782,-37.573912173913044,2017-01-16
162,147.22666333333333,-37.67333333333333,2017-01-16
163,148.66,-37.05,2017-01-16
164,147.179995,-37.629999999999995,2017-01-16
165,146.67999,-37.69,2017-01-16
166,146.56,-37.72,2017-01-16
167,146.89666333333332,-37.773331666666664,2017-01-16
168,147.270005,-37.85,2017-01-16
169,145.5800025,-37.870000000000005,2017-01-16
170,145.92,-37.93999,2017-01-16
171,146.64285714285714,-37.948567142857144,2017-01-16
172,146.001999,-37.99,2017-01-16
173,146.64,-37.46,2017-01-16
174,147.28,-37.6,2017-01-16
175,147.10001,-37.64,2017-01-16
176,147.42,-37.7,2017-01-16
177,146.22666333333333,-37.95999666666667,2017-01-16
178,146.17332666666667,-37.98,2017-01-16
179,146.62,-38,2017-01-16
180,147.316003,-37.561997000000005,2017-01-16
181,145.79999,-37.730000000000004,2017-01-16
182,145.62,-37.8,2017-01-16
183,145.66,-37.8,2017-01-16
184,146.432,-37.864,2017-01-16
185,146.48,-37.86666666666667,2017-01-16
186,146.744,-37.892,2017-01-16
187,147.66,-37.57999,2017-01-16
188,147.89999666666665,-37.583328333333334,2017-01-16
189,147.0242842857143,-37.81428285714286,2017-01-16
190,147.78,-37.43999,2017-01-16
191,148.06666666666666,-37.56666333333334,2017-01-16
192,146.88,-36.79,2017-01-16
193,146.60001,-37.4,2017-01-16
194,147.36,-37.83,2017-01-16
195,146.87,-37.370000000000005,2017-01-16
196,146.89999,-37.46,2017-01-16
197,147.15333222222222,-37.51555555555556,2017-01-16
198,146.669995,-37.36,2017-01-16
199,147.60001,-37.62,2017-01-16
200,145.94,-37.7,2017-01-16
201,147.76001,-37.53,2017-01-16
202,147.789995,-37.57999,2017-01-16
203,147.889995,-37.65,2017-01-16
204,147.66,-36.05,2017-01-16
205,148.36,-37.32,2017-01-16
206,148.02666333333335,-37.61333333333333,2017-01-16
207,148.32001,-37.3,2017-01-16
208,149.51999,-37.62,2017-01-16
209,147.29199400000002,-36.443996,2017-01-16
210,148.42,-37.14,2017-01-16
211,148.92,-37.52,2017-01-16
212,149.40999499999998,-37.429995000000005,2017-01-16
213,149.48666666666665,-37.50666666666667,2017-01-16
214,149.17999,-37.36,2017-01-16
215,148.86,-37.569995000000006,2017-01-16
216,148.88,-37.62,2017-01-16
217,148.008,-36.275998,2017-01-16
218,148.2924975,-36.94999875,2017-01-16
219,148.72952142857142,-37.184760476190476,2017-01-16
220,147.69333,-37.31333333333333,2017-01-16
221,148.066,-37.332,2017-01-16
222,148.07000375,-37.43999875,2017-01-16
223,147.57000333333335,-36.00666666666667,2017-01-16
224,146.915996,-37.283998,2017-01-16
225,148.99999666666668,-37.34,2017-01-16
226,147.63142857142856,-37.385714285714286,2017-01-16
227,148.95999,-37.39,2017-01-16
228,147.65333333333334,-37.52,2017-01-16
229,148.2,-36.67,2017-01-16
230,148.14999999999998,-36.8,2017-01-16
231,148.35000000000002,-36.86,2017-01-16
232,146.86,-37.18666666666667,2017-01-16
233,148.187996,-37.228,2017-01-16
234,148.22666333333333,-37.32,2017-01-16
235,148.565,-37.36,2017-01-16
236,148.46571142857144,-37.394285714285715,2017-01-16
237,148.67856857142857,-37.409997142857144,2017-01-16
238,148.39999,-37.38,2017-01-16
239,149,-37.38,2017-01-16
240,148.770005,-37.4,2017-01-16
241,146.37999666666667,-37.41,2017-01-16
242,148.40181454545456,-37.052724545454545,2017-01-16
243,148.06400200000002,-37.216,2017-01-16
244,146.79999,-37.24,2017-01-16
245,148.49,-37.29,2017-01-16
246,146.51999,-37.32,2017-01-16
247,146.48,-37.39,2017-01-16
248,148.04001,-37.15,2017-01-16
249,146.79999,-37.2,2017-01-16
250,148.48,-37.46,2017-01-16
251,148.82001,-37.42,2017-01-16
252,148.86,-37.42,2017-01-16
253,147.4374975,-36,2017-01-16
254,147.75090727272726,-36.06545272727273,2017-01-16
255,147.376665,-36.11666666666667,2017-01-16
256,147.89999,-36.230000000000004,2017-01-16
257,147.60000428571428,-37.02,2017-01-16
258,148.10001,-37.049998333333335,2017-01-16
259,148.14,-37.02,2017-01-16
260,148.20857142857142,-37.09428285714286,2017-01-16
261,147.7609995,-37.1209985,2017-01-16
262,144.26001,-37.16,2017-01-16
263,146.73999,-37.22,2017-01-16
264,147.0384623076923,-37.24153538461539,2017-01-16
265,148.889995,-37.25999,2017-01-16
266,149.13,-37.29,2017-01-16
267,149.110005,-37.35,2017-01-16
268,147.789995,-36.165,2017-01-16
269,147.49,-36.21,2017-01-16
270,147.33428714285714,-37.02571428571429,2017-01-16
271,144.16,-37.04,2017-01-16
272,146.39999,-37.19,2017-01-16
273,145.37,-37.489999999999995,2017-01-16
274,145.66666166666667,-37.556665,2017-01-16
275,141.72,-35.72,2017-01-16
276,147.620004,-36.212,2017-01-16
277,147.6914257142857,-36.84571428571429,2017-01-16
278,148.5,-36.92,2017-01-16
279,147.24444888888888,-37.14666666666667,2017-01-16
280,146.26000249999998,-37.225,2017-01-16
281,145.330005,-37.59999666666667,2017-01-16
282,147.78,-36.86,2017-01-16
283,149.71999785714286,-37.448567857142855,2017-01-16
284,148.6050075,-37.5,2017-01-16
285,147.87,-37.19,2017-01-16
286,148.889995,-37.2,2017-01-16
287,148.289995,-37.41,2017-01-16
288,147.84,-37.28,2017-01-16
289,147.84,-37.32,2017-01-16
290,148.23999,-36.88,2017-01-16
291,147.89999,-36.9,2017-01-16
292,147.28,-37.04,2017-01-16
293,147.92,-37.06,2017-01-16
294,147.44,-37.07999,2017-01-16
295,147.84,-37.1,2017-01-16
296,148.9149975,-37.115,2017-01-16
297,144.289995,-37.21,2017-01-16
298,144.34666666666666,-37.21333333333333,2017-01-16
299,149.03,-37.269995,2017-01-16
300,146.15052578947368,-37.374736842105264,2017-01-16
301,146.12000235294119,-37.47293882352941,2017-01-16
302,145.75,-37.52,2017-01-16
303,146.063335,-37.629999999999995,2017-01-16
304,145.97333,-37.806666666666665,2017-01-16
305,145.81,-36.33,2017-01-16
306,145.76,-36.370000000000005,2017-01-16
307,147.82001,-36.54,2017-01-16
308,147.01999,-37.12,2017-01-16
309,148.96999499999998,-37.15,2017-01-16
310,146.33333666666667,-37.26333,2017-01-16
311,146.39333166666665,-37.32666666666667,2017-01-16
312,148.92,-37.36,2017-01-16
313,147.11667166666666,-37.4,2017-01-16
314,147.37555444444445,-37.39111,2017-01-16
315,145.664995,-37.429995000000005,2017-01-16
316,145.76001,-37.48,2017-01-16
317,147.95999,-36.79,2017-01-16
318,144.169995,-36.989999999999995,2017-01-16
319,147.6749975,-36.974999999999994,2017-01-16
320,148.03,-37.48,2017-01-16
321,147.22,-37.57999,2017-01-16
322,145.449995,-37.83,2017-01-16
323,145.389995,-37.85,2017-01-16
324,146.01999,-37.86,2017-01-16
325,146.28,-38.02,2017-01-16
326,146.509995,-36.86,2017-01-16
327,144.04001,-37.02,2017-01-16
328,143.689995,-37.03,2017-01-16
329,144.24,-37.02666666666667,2017-01-16
330,147.45999,-37.04,2017-01-16
331,144.17999,-37.1,2017-01-16
332,144.15333333333334,-37.16,2017-01-16
333,146.90999499999998,-37.4,2017-01-16
334,147.02666333333335,-37.413333333333334,2017-01-16
335,146.25,-37.5,2017-01-16
336,147.43999666666667,-37.6,2017-01-16
337,147.14,-37.74,2017-01-16
338,147.16,-37.8,2017-01-16
339,146.39999,-38.07999,2017-01-16
340,146.86,-36.55,2017-01-16
341,144.39999,-36.66,2017-01-16
342,144.36,-36.86,2017-01-16
343,143.78,-36.929995000000005,2017-01-16
344,144.20999999999998,-36.92,2017-01-16
345,145.6749975,-37.165,2017-01-16
346,145.7,-37.2,2017-01-16
347,146.39999,-37.79,2017-01-16
348,148.38,-37.2,2017-01-16
349,145.01332666666667,-37.29333333333333,2017-01-16
350,144.26444222222221,-36.702222222222225,2017-01-16
351,144.32001,-36.66,2017-01-16
352,144.56,-36.7,2017-01-16
353,144.55846153846153,-36.79692,2017-01-16
354,144.830005,-36.74,2017-01-16
355,144.26001,-36.81,2017-01-16
356,144.4269955,-36.8709995,2017-01-16
357,144.62666666666667,-36.82666666666667,2017-01-16
358,144.697775,-36.89111055555556,2017-01-16
359,144.85428476190478,-36.967618571428574,2017-01-16
360,145.04,-36.91285642857143,2017-01-16
361,145.63,-36.9,2017-01-16
362,145.25,-36.949995,2017-01-16
363,144.75,-36.97,2017-01-16
364,146.14,-37.22,2017-01-16
365,146.26250125,-37.370000000000005,2017-01-16
366,145.1749925,-37.5599975,2017-01-16
367,146.36,-37.579996666666666,2017-01-16
368,147.72,-37.65,2017-01-16
369,146.5,-37.79,2017-01-16
370,143.98666666666665,-36.71333333333333,2017-01-16
371,144.3200025,-36.749995,2017-01-16
372,144.60001,-36.89,2017-01-16
373,145,-36.93999,2017-01-16
374,145.83333833333333,-36.92999666666667,2017-01-16
375,148.56,-36.98,2017-01-16
376,145.895996,-37.032000000000004,2017-01-16
377,145.87,-37.07999,2017-01-16
378,144.996665,-37.14333333333333,2017-01-16
379,145.49,-37.15,2017-01-16
380,144.89999,-37.2,2017-01-16
381,145.82001,-37.36,2017-01-16
382,147.53,-37.730000000000004,2017-01-16
383,146.36,-37.78,2017-01-16
384,143.63,-36.589995,2017-01-16
385,143.610005,-36.65,2017-01-16
386,144.85000000000002,-36.84,2017-01-16
387,145.87714,-36.84,2017-01-16
388,145.729995,-37.07999,2017-01-16
389,145.79999750000002,-37.104997499999996,2017-01-16
390,145.78,-37.34,2017-01-16
391,145.76001,-37.42,2017-01-16
392,146.29999,-37.48,2017-01-16
393,146.43,-37.57999,2017-01-16
394,144.14999999999998,-36.589995,2017-01-16
395,145.610005,-36.7799975,2017-01-16
396,146.009995,-37.07999,2017-01-16
397,146,-37.25999,2017-01-16
398,146,-37.34,2017-01-16
399,146.44,-37.71,2017-01-16
400,144.79999,-36.83,2017-01-16
401,146.009995,-36.9,2017-01-16
402,145.79999,-37.010000000000005,2017-01-16
403,146.55333666666667,-38.11333333333333,2017-01-16
404,145.66,-36.85,2017-01-16
405,145.72,-36.88,2017-01-16
406,145.419998,-37.328,2017-01-18
407,146.60001,-37.64,2017-01-18
408,146.04001,-37.230000000000004,2017-01-18
409,146.14,-37.264992500000005,2017-01-18
410,141.03999,-34.74,2017-01-21
411,141.229995,-34.8,2017-01-21
412,141.67999,-35.62,2017-01-21
413,140.98,-34.16,2017-01-21
414,141.3250075,-34.875,2017-01-21
415,141.25332333333333,-34.913333333333334,2017-01-21
416,141.45999,-34.96,2017-01-21
417,141.915998,-35.463998,2017-01-21
418,141.88,-35.579996666666666,2017-01-21
419,141.16799799999998,-34.599998,2017-01-21
420,141.78,-35.32,2017-01-21
421,141.98,-35.449995,2017-01-21
422,142.07,-35.449995,2017-01-21
423,141.769995,-35.449995,2017-01-21
424,142.08,-35.52,2017-01-21
425,141.5149975,-34.9199975,2017-01-21
426,142.12,-35.56,2017-01-21
427,141.31334,-34.61333333333333,2017-01-21
428,141.25999199999998,-34.672,2017-01-21
429,141.67999,-34.92,2017-01-21
430,141.7,-35.04,2017-01-21
431,141.73999,-35.3,2017-01-21
432,141.72,-35.36,2017-01-21
433,142.03999,-35.54,2017-01-21
434,141.14,-34.49333333333333,2017-01-21
435,141.73999,-34.8,2017-01-21
436,141.8,-34.88,2017-01-21
437,141.39999,-35.010000000000005,2017-01-21
438,141.52999499999999,-34.69,2017-01-21
439,141.449995,-34.81,2017-01-21
440,141.852,-34.844,2017-01-21
441,141.25999,-34.84,2017-01-21
442,141.44,-34.870000000000005,2017-01-21
443,141.88,-34.92,2017-01-21
444,141,-34.48,2017-01-21
445,141.2,-34.54,2017-01-21
446,141.39999,-34.6,2017-01-21
447,147.51332666666667,-37.18,2017-01-24
448,147.03692384615385,-37.34,2017-01-24
449,146.16571285714286,-37.325714285714284,2017-01-24
450,146.5925025,-37.485,2017-01-24
451,146.58428785714287,-37.68857142857143,2017-01-24
452,148.23999,-37.069995000000006,2017-01-24
453,147.58,-37.06,2017-01-24
454,147.76667333333333,-37.17333333333333,2017-01-24
455,147.532002,-36.996,2017-01-24
456,147.04667333333333,-36.486666666666665,2017-01-24
457,148.53,-37.03,2017-01-24
458,147.6533311111111,-36.23110888888889,2017-01-29
459,146.36909,-37.76726818181818,2017-01-30
460,147.94,-36.86,2017-01-30
461,147.88,-36.730000000000004,2017-01-30
462,147.87999833333333,-36.34,2017-01-30
463,144.328006,-36.024,2017-02-02
464,142.64,-35.88,2017-02-02
465,146.37,-37.8,2017-02-03
466,148.34571571428572,-37.011428571428574,2017-02-03
467,149.54222222222222,-37.382222222222225,2017-02-03
468,145.96428285714285,-37.84142857142857,2017-02-03
469,145.26001,-37.25999,2017-02-03
470,145.87555333333333,-37.71555333333333,2017-02-03
471,146.48,-37.8,2017-02-03
472,146.60000333333335,-37.64666666666667,2017-02-03
473,146.26667333333333,-37.77333,2017-02-03
474,146.51999,-37.84,2017-02-03
475,146.56,-37.9,2017-02-03
476,146.32001,-37.57999,2017-02-03
477,146.550005,-37.769995,2017-02-03
478,147.17999,-37.54,2017-02-03
479,146.050005,-37.949995,2017-02-03
480,144.447996,-37.571997,2017-02-03
481,144.52666333333335,-37.579996666666666,2017-02-03
482,145.29999,-37.96,2017-02-03
483,145.314001,-37.824,2017-02-03
484,145.54001,-37.9,2017-02-03
485,145.51713857142857,-37.70857,2017-02-03
486,145.46999499999998,-37.79,2017-02-03
487,145.59000500000002,-37.78,2017-02-03
488,145.49,-37.62,2017-02-03
489,145.48,-37.72,2017-02-03
490,145.39999,-37.78,2017-02-03
491,145.67749625,-37.99749875,2017-02-03
492,145.01999,-36.88,2017-02-03
493,144.89999,-36.92,2017-02-03
494,144.82001,-36.93999,2017-02-03
495,144.86,-36.949995,2017-02-03
496,144.87,-37.010000000000005,2017-02-03
497,145.16,-37.230000000000004,2017-02-03
498,145.2,-37.3,2017-02-03
499,145.08000333333334,-37.33,2017-02-03
500,144.949995,-37.38,2017-02-03
501,145.54001,-37.62,2017-02-03
502,144.42444,-36.82888888888889,2017-02-03
503,145.16,-37.32,2017-02-03
504,144.889995,-37.35,2017-02-03
505,145.80499500000002,-38.025,2017-02-03
506,145.26001,-37.31,2017-02-03
507,146.06666666666666,-38.03333333333333,2017-02-03
508,145.93428142857144,-38.071422857142856,2017-02-03
509,146.12,-38.34,2017-02-03
510,141.40999499999998,-37.97,2017-02-07
511,142.891994,-38.299998,2017-02-07
512,143.14999999999998,-38.53,2017-02-07
513,143.2,-38.52,2017-02-07
514,143.72,-38.55,2017-02-07
515,143.01249875,-38.47249875,2017-02-07
516,143.568,-38.566664,2017-02-07
517,143.46444,-38.62222111111111,2017-02-07
518,143.34,-38.72,2017-02-07
519,143.42999571428572,-38.72571285714286,2017-02-07
520,143.53999,-38.8,2017-02-07
521,143.14,-38.68,2017-02-07
522,141.36,-38.16,2017-02-07
523,143.049995,-38.39,2017-02-07
524,143.23999,-38.57999,2017-02-07
525,142.83667,-37.656666666666666,2017-02-07
526,143.25999,-38.5,2017-02-07
527,148.34000375,-36.99,2017-02-08
528,146.37428428571428,-36.971425714285715,2017-02-09
529,146.93999666666667,-36.65,2017-02-09
530,147.10001,-36.74,2017-02-09
531,145.683996,-37.324,2017-02-09
532,145.80666333333335,-37.333333333333336,2017-02-09
533,145.7849975,-37.405,2017-02-09
534,146.89999,-37.249995,2017-02-10
535,147.57333333333335,-37.3,2017-02-10
536,147.54001,-37.33,2017-02-10
537,148.58,-37.12,2017-02-10
538,146.08667166666666,-36.35333333333334,2017-02-13
539,148.949995,-37.43999,2017-02-14
540,148.89999,-37.43999,2017-02-14
541,141.10001,-34.25999,2017-02-16
542,145.89714,-36.06571,2017-02-20
543,145.49999666666668,-36.6,2017-02-20
544,143.58,-35.31,2017-02-23
545,145.88856714285714,-36.07428285714286,2017-02-27
546,142.85000000000002,-37.949995,2017-02-27
547,145.14,-35.98,2017-02-27
548,148.889995,-37.18,2017-02-28
549,145.229995,-36.730000000000004,2017-02-28
550,145.407994,-36.095996,2017-02-28
551,145.88,-36.24,2017-02-28
552,145.28,-36.489999999999995,2017-02-28
553,148.39110555555555,-37.25555444444444,2017-03-01
554,144.669995,-36.48,2017-03-02
555,146.01110555555556,-36.07332888888889,2017-03-02
556,145.79999,-36.15,2017-03-02
557,145.6649975,-36.454995,2017-03-02
558,143.73999,-37.4,2017-03-04
559,145.8250075,-36.185,2017-03-05
560,145.550005,-36.42,2017-03-05
561,145.879999,-36.101998,2017-03-05
562,145.31,-36.64,2017-03-05
563,145.64999999999998,-36.089995,2017-03-05
564,146.03,-36.21,2017-03-05
565,145.26001,-36.77999666666667,2017-03-05
566,145.09000500000002,-36.069995000000006,2017-03-05
567,143.29000000000002,-37.86,2017-03-05
568,146.03,-36.14,2017-03-05
569,143.96999499999998,-37.4,2017-03-06
570,143.90999499999998,-37.3,2017-03-06
571,145.78,-36.17,2017-03-06
572,146.09333666666666,-36.07555222222222,2017-03-06
573,145.729995,-36.3,2017-03-06
574,145.12,-36.81,2017-03-06
575,145.79999,-36.079996666666666,2017-03-06
576,143.93,-37.35,2017-03-06
577,147.76001,-37.38,2017-03-07
578,147.6599975,-36.535,2017-03-07
579,147.88666333333333,-37.44666,2017-03-07
580,148.02,-37.58666,2017-03-07
581,147.644,-36.591996,2017-03-07
582,147.62,-36.78,2017-03-07
583,143.85000000000002,-38.66,2017-03-07
584,144.179995,-37.685,2017-03-07
585,142.96999499999998,-38.11,2017-03-07
586,145.42,-36.6,2017-03-07
587,145.43,-36.66,2017-03-07
588,143.14999999999998,-37.929995000000005,2017-03-07
589,145.050005,-36.11,2017-03-07
590,144.03,-37.3,2017-03-08
591,145.80666333333335,-36.06,2017-03-08
592,145.875998,-36.091996,2017-03-08
593,145.37,-36.64,2017-03-08
594,146.04001,-36.27999666666667,2017-03-08
595,146.36,-38,2017-03-08
596,145.550005,-36.06,2017-03-08
597,145.95999,-36.17,2017-03-08
598,146,-36.24,2017-03-08
599,145.64999999999998,-36.09999666666667,2017-03-08
600,148.07,-37.09999666666667,2017-03-09
601,147.94545,-37.26908909090909,2017-03-09
602,142.07333333333335,-37.64666666666667,2017-03-09
603,145.58571857142857,-36.19714285714286,2017-03-09
604,145.56,-36.04,2017-03-09
605,143.2,-38.05,2017-03-09
606,146.009995,-36.05999666666667,2017-03-09
607,148.175996,-37.028,2017-03-10
608,144.96999499999998,-35.98,2017-03-10
609,145.716665,-36.09999666666667,2017-03-10
610,147.028,-37.42799733333334,2017-03-11
611,147.112004,-37.516,2017-03-11
612,143.52999499999999,-37.88,2017-03-12
613,143.24999,-37.9,2017-03-12
614,145.1949975,-36.7399975,2017-03-12
615,143.907998,-37.368,2017-03-12
616,143.389995,-37.929995000000005,2017-03-12
617,144.32,-37.98,2017-03-12
618,145.949995,-36.19,2017-03-12
619,145.689995,-36.22,2017-03-12
620,142.90249624999998,-36.43749625,2017-03-13
621,143.64,-37.449995,2017-03-13
622,142.87,-37.9,2017-03-13
623,145.34000333333333,-35.98,2017-03-13
624,142.99,-38.079996666666666,2017-03-13
625,145.92499999999998,-36.2549975,2017-03-13
626,146.050005,-36.27999666666667,2017-03-13
627,145.08,-36.42,2017-03-13
628,145.95999,-36.089995,2017-03-13
629,142.25999,-36.489999999999995,2017-03-13
630,145.13,-36,2017-03-14
631,145.92181545454545,-36.24181636363637,2017-03-15
632,146.125,-36.0549975,2017-03-15
633,145.789995,-36.09999666666667,2017-03-15
634,145.95999,-36.32,2017-03-15
635,143.66,-37.42,2017-03-15
636,143.37333333333333,-37.72666666666667,2017-03-15
637,145.463996,-36.447994,2017-03-15
638,145.770005,-36.04,2017-03-15
639,145.689995,-36.62,2017-03-15
640,145.699997,-36.089997000000004,2017-03-15
641,146.01199400000002,-36.048,2017-03-15
642,145.97332933333334,-36.15333333333333,2017-03-15
643,143.40999499999998,-37.85,2017-03-15
644,145.189995,-36.83,2017-03-15
645,143.3425025,-37.8025,2017-03-16
646,147.04,-37.41,2017-03-16
647,141.51,-34.34,2017-03-16
648,142.928,-36.704,2017-03-16
649,143.66,-37.3,2017-03-16
650,142.25999,-36.45999666666667,2017-03-16
651,142.60001,-38.04,2017-03-16
652,145.64,-36.19,2017-03-16
653,145.28,-35.88,2017-03-16
654,145.2,-36.069995000000006,2017-03-16
655,145.36666666666667,-36.14666666666667,2017-03-16
656,146,-36.32,2017-03-16
657,145.89999666666665,-36.079996666666666,2017-03-16
658,145.48666666666665,-36.65333333333333,2017-03-16
659,143.387996,-38.144,2017-03-16
660,148.14,-37.02,2017-03-17
661,142.14333333333332,-37.696666666666665,2017-03-17
662,144.12,-37.66,2017-03-17
663,142.83333666666667,-37.933326666666666,2017-03-17
664,145.31,-36.249995,2017-03-17
665,143.88,-37.35,2017-03-17
666,143.87999666666667,-37.749995,2017-03-17
667,145.53,-36.569995000000006,2017-03-17
668,145.205994,-36.737999,2017-03-17
669,145.052004,-36.423996,2017-03-17
670,146.08,-36.18,2017-03-17
671,143.03999,-37.84,2017-03-17
672,145.756,-36.032000000000004,2017-03-17
673,145.687994,-36.095996,2017-03-17
674,145.37999666666667,-36.61,2017-03-17
675,142.5,-36.78,2017-03-17
676,143.729995,-37.449995,2017-03-17
677,146.169995,-36.14,2017-03-17
678,143.64999999999998,-37.38,2017-03-17
679,146.47999666666666,-36.12,2017-03-17
680,145.10001,-36.15,2017-03-17
681,145.550005,-36.42,2017-03-17
682,144.287996,-37.684,2017-03-17
683,145.032002,-36.055998,2017-03-17
684,145.64999999999998,-36.2,2017-03-18
685,142.45999666666665,-37.64,2017-03-18
686,143.07,-38.02,2017-03-18
687,143.208,-38.063996,2017-03-18
688,142.95999666666665,-38.05999666666667,2017-03-18
689,143.13,-38,2017-03-18
690,142.729995,-37.86,2017-03-18
691,143.209995,-37.86,2017-03-18
692,143.23999,-37.97,2017-03-18
693,143.3,-37.86,2017-03-18
694,145.78,-36.2,2017-03-18
695,143.34,-38.02,2017-03-18
696,145.39999,-36.43999,2017-03-18
697,145.28,-36.59999666666667,2017-03-18
698,142.57,-36.86,2017-03-18
699,145.12,-35.97,2017-03-18
700,145.35000000000002,-36.53,2017-03-18
701,142.29333333333335,-36.88666666666667,2017-03-18
702,143.64,-37.449995,2017-03-18
703,145.25,-36.07999,2017-03-18
704,145.09334,-36.413333333333334,2017-03-18
705,146.76001,-38.589995,2017-03-18
706,142.48,-36.8,2017-03-18
707,143.32000333333335,-37.929995000000005,2017-03-18
708,145.98,-36.069995000000006,2017-03-18
709,143.34,-38.129999999999995,2017-03-18
710,142.08,-36.929995000000005,2017-03-18
711,145.37,-36.12,2017-03-19
712,149.23999,-37.22,2017-03-20
713,145.830005,-36.09999666666667,2017-03-22
714,143.85000000000002,-35.47,2017-03-22
715,146.04001,-36.2,2017-03-22
716,145.8799975,-36.21,2017-03-22
717,141.64666666666665,-36.60666666666667,2017-03-23
718,141.729995,-36.19,2017-03-23
719,146.0833375,-37.81,2017-03-24
720,145.872,-37.804,2017-03-24
721,145.83429,-37.88,2017-03-24
722,145.96999499999998,-37.870000000000005,2017-03-24
723,142.25999,-36.370000000000005,2017-03-24
724,142.110005,-37.62,2017-03-24
725,143.46666333333334,-37.904444444444444,2017-03-24
726,144.64,-36.25999,2017-03-24
727,143.110005,-38.03,2017-03-24
728,145.79999750000002,-36.135,2017-03-24
729,145.99999714285715,-36.16571428571429,2017-03-24
730,141.90999499999998,-35.249995,2017-03-24
731,144.51999,-36.07999,2017-03-24
732,142.34,-36.82,2017-03-24
733,143.35000000000002,-38.12,2017-03-24
734,143.48,-37.64,2017-03-24
735,143.495,-37.774995000000004,2017-03-24
736,145.69999666666666,-36.12,2017-03-24
737,143.3150025,-37.915,2017-03-24
738,143.89999,-38.010000000000005,2017-03-25
739,142.96999499999998,-38.069995000000006,2017-03-25
740,143.89999,-37.93999,2017-03-25
741,142.889995,-37.85,2017-03-25
742,143.549995,-37.85,2017-03-25
743,146.37,-36.23999666666667,2017-03-25
744,143.389995,-37.52,2017-03-25
745,145.804,-36.028,2017-03-25
746,143.2399925,-37.9349925,2017-03-25
747,143.3799975,-37.96999875,2017-03-25
748,143.51,-35.72,2017-03-25
749,142.58000333333334,-36.81,2017-03-25
750,143.14333333333332,-37.92333,2017-03-25
751,144.72,-36.230000000000004,2017-03-25
752,143.492,-37.963998,2017-03-25
753,143.8250075,-37.905,2017-03-25
754,145.44,-35.9,2017-03-25
755,143.35000000000002,-38.18,2017-03-25
756,144.864,-36.652,2017-03-25
757,146.08,-36.14,2017-03-25
758,145.99999666666668,-36.2,2017-03-25
759,145.2,-36.81,2017-03-25
760,146.95999,-37.730000000000004,2017-03-26
761,147.99,-36.33,2017-03-26
762,148.10001,-36.629999999999995,2017-03-26
763,147.389995,-37.39,2017-03-26
764,149.21499749999998,-37.215,2017-03-27
765,143.889995,-38.11,2017-03-27
766,149.08667,-37.166666666666664,2017-03-27
767,142.24665666666667,-36.469998333333336,2017-03-27
768,142.336004,-37.83,2017-03-27
769,143.59000500000002,-37.95999666666667,2017-03-27
770,143.915996,-38.012,2017-03-27
771,142.71999666666667,-36.82,2017-03-27
772,142.45999,-35.069995000000006,2017-03-27
773,141.549995,-36.79,2017-03-27
774,142.14,-37.65,2017-03-27
775,146.08,-36.1,2017-03-27
776,143.20181545454545,-37.54727090909091,2017-03-27
777,143.729995,-38.11,2017-03-27
778,145.89817818181817,-36.26727,2017-03-27
779,142.24999,-36.81,2017-03-27
780,143.64,-37.4,2017-03-27
781,145.509995,-36.39,2017-03-27
782,142.64999999999998,-37.7,2017-03-27
783,145.13,-35.975,2017-03-27
784,145.72,-36.04,2017-03-27
785,145.939998,-36.051998,2017-03-27
786,143.675996,-38.028,2017-03-27
787,143.84,-35.46,2017-03-27
788,144.89999,-36.14,2017-03-27
789,146.03,-36.2,2017-03-27
790,142.75199,-37.644,2017-03-27
791,146.15333333333334,-36.50666666666667,2017-03-27
792,142.02,-37.129999999999995,2017-03-27
793,145.79142285714286,-36.25428285714286,2017-03-27
794,141.40999499999998,-36.43999,2017-03-27
795,144.87999666666667,-36.82,2017-03-27
796,143.72,-36.089995,2017-03-27
797,145.20499999999998,-36.094995,2017-03-27
798,142.12000285714285,-36.42571,2017-03-27
799,143.98,-36.66,2017-03-27
800,145.2249975,-36.725,2017-03-27
801,142.549995,-38.05999666666667,2017-03-27
802,145.389995,-36.569995000000006,2017-03-27
803,141.66,-36.7,2017-03-27
804,144.22,-37.7,2017-03-27
805,145.01999,-36.5,2017-03-27
806,142.3050025,-36.9149975,2017-03-27
807,142.23999,-37.83,2017-03-27
808,145.79332666666667,-36.126666666666665,2017-03-27
809,145.23999,-36.14,2017-03-27
810,144.72,-36.25999,2017-03-27
811,144.48,-36.43999,2017-03-27
812,145.14499999999998,-36.7649975,2017-03-27
813,142.14499999999998,-36.965,2017-03-27
814,143.229995,-37.9,2017-03-27
815,143.810005,-35.79,2017-03-27
816,143.989995,-37.79,2017-03-27
817,143.25199,-37.978,2017-03-27
818,144.81500499999999,-36.424995,2017-03-27
819,144.90999499999998,-36.54,2017-03-27
820,141.92,-36.82,2017-03-27
821,142.689995,-36.96,2017-03-27
822,143.4049925,-37.68,2017-03-27
823,145.10000333333335,-36.18,2017-03-27
824,146.62,-36.05,2017-03-27
825,144.78857142857143,-36.55714142857143,2017-03-27
826,143.99333,-37.284442222222225,2017-03-27
827,142.93599799999998,-37.733997,2017-03-27
828,145.48,-36.29,2017-03-27
829,144.7,-36.67,2017-03-27
830,142.88,-37.93999,2017-03-27
831,145.20666666666665,-35.88666666666667,2017-03-27
832,145.39999,-36.7,2017-03-27
833,143.47999666666666,-38.05999666666667,2017-03-27
834,141.62000333333333,-34.25999,2017-03-28
835,147.76001,-37.6,2017-03-28
836,145.51499625,-37.47249875,2017-03-28
837,146.572225,-37.52777777777778,2017-03-28
838,146.6314292857143,-37.72428571428571,2017-03-28
839,146.46999499999998,-38.03,2017-03-28
840,145.616004,-37.348,2017-03-28
841,146.70999999999998,-37.91,2017-03-28
842,146.38,-36.11,2017-03-28
843,146.2,-36.14,2017-03-28
844,146.04001,-36.32,2017-03-28
845,145.550005,-36.04,2017-03-28
846,145.87333333333333,-36.03333333333333,2017-03-28
847,145.459995,-36.155,2017-03-28
848,145.79999,-36.04,2017-03-28
849,145.09000500000002,-36.249995,2017-03-28
850,145.108006,-36.016,2017-03-28
851,143.41333,-37.693333333333335,2017-03-29
852,143.63,-37.84,2017-03-30
853,143.223996,-37.575992,2017-03-30
854,145.23999,-35.93999,2017-03-30
855,145.610005,-36.34,2017-03-30
856,143.56,-37.81,2017-03-30
857,145.46666,-35.84,2017-03-30
858,145.81,-36.089995,2017-03-30
859,142.07333500000001,-36.91999666666667,2017-03-30
860,143.949995,-37.3,2017-03-30
861,145.81428571428572,-36.02857142857143,2017-03-30
862,143.13333555555556,-37.67333333333333,2017-03-30
863,144.229995,-37.74,2017-03-30
864,145.74571428571429,-36.10285428571429,2017-03-30
865,145.947996,-36.164,2017-03-30
866,145.69333,-36.34666666666667,2017-03-30
867,145.51999,-36.54,2017-03-30
868,145.17332833333333,-36.81666666666666,2017-03-30
869,143.652,-37.476,2017-03-30
870,143.84,-35.46,2017-03-30
871,146.06857714285715,-36.042855714285714,2017-03-30
872,145.65333333333334,-36.22666666666667,2017-03-30
873,145.03333666666666,-36.406666666666666,2017-03-30
874,143.30667,-37.70666666666667,2017-03-30
875,145.37999666666667,-36.67,2017-03-30
876,146.60001,-36.05,2017-03-30
877,146.17332666666667,-36.47333333333333,2017-03-30
878,145.37,-36.62,2017-03-30
879,145.330005,-36.8,2017-03-30
880,142.889995,-37.5,2017-03-30
881,146.56,-36.05,2017-03-30
882,146.08250375,-36.3575,2017-03-30
883,145.57,-36.04,2017-03-30
884,144.72,-36.2,2017-03-30
885,143.51,-36.98,2017-03-30
886,143.39999,-37.89,2017-03-30
887,143.729995,-36.089995,2017-03-30
888,144.41999666666666,-36.429995000000005,2017-03-30
889,145.43,-36.61,2017-03-30
890,144.70999999999998,-36.72,2017-03-30
891,145.67999,-35.92,2017-03-30
892,145.44768769230768,-36.17846153846154,2017-03-30
893,144.84286,-36.64857142857143,2017-03-30
894,142.62,-36.91999666666667,2017-03-30
895,143.84,-35.57999,2017-03-30
896,145.229995,-36.12,2017-03-30
897,146.39999,-36.14,2017-03-30
898,144.87333333333333,-36.27333,2017-03-30
899,143.549995,-36.089995,2017-03-30
900,144.70999999999998,-36.449995,2017-03-30
901,144.783998,-36.247996,2017-03-30
902,143.49,-37.6,2017-03-30
903,144.03333666666666,-37.413333333333334,2017-03-30
904,143.49,-37.439996666666666,2017-03-30
905,144.770005,-36.47,2017-03-30
906,144.92,-36.5,2017-03-30
907,146.05333666666667,-36.20666666666667,2017-03-30
908,145.60571857142858,-36.47714285714286,2017-03-30
909,145.26001,-36.67,2017-03-30
910,143.812002,-35.967998,2017-03-30
911,148.12,-37.48,2017-09-30
912,148.04001,-37.370000000000005,2017-09-30
913,145.34000333333333,-35.986666666666665,2017-10-01
914,144.88,-36.54,2017-10-01
915,141.16,-37.24,2017-10-02
916,148.04001,-37.370000000000005,2017-10-02
917,145.428,-35.904,2017-10-02
918,145.36,-36.674285714285716,2017-10-02
919,145.36,-36.66,2017-10-05
920,145.48999833333332,-36.299998333333335,2017-10-05
921,144.87,-36.54,2017-10-05
922,145.37,-37.089995,2017-10-06
923,143.46249625,-37.3775,2017-10-08
924,143.41333,-37.233333333333334,2017-10-08
925,143.82001,-38.12,2017-10-09
926,144.85000000000002,-36.510000000000005,2017-10-09
927,141.23999333333333,-37.3,2017-10-14
928,143.828006,-38.124,2017-10-15
929,141.267996,-37.259994,2017-10-15
930,144.14,-37.82,2017-10-15
931,143.55333,-36.076663333333336,2017-10-16
932,144.37,-37.3,2017-10-17
933,143.13,-37.24,2017-10-17
934,148.41333,-37.28666666666667,2017-10-17
935,149.06,-37.6,2017-10-17
936,148.93,-37.64,2017-10-17
937,148.82001,-37.72,2017-10-17
938,148.53,-37.68,2017-10-17
939,141.269995,-37.6,2017-10-19
940,141.37999666666667,-35.29,2017-10-24
941,141.21999666666667,-37.269995,2017-10-24
942,144.32,-36.25999,2017-10-25
943,143.467994,-37.544000000000004,2017-10-25
944,144.14999999999998,-36.75999,2017-10-26
945,143.77999666666668,-35.57999,2017-10-26
946,143.12,-37.33,2017-11-04
947,143.769995,-36.35,2017-11-07
948,143.35333333333335,-37.47333333333333,2017-11-08
949,147.320004,-37.563996,2017-11-08
950,143.60001,-37.68,2017-11-08
951,142.55749624999999,-36.8225,2017-11-09
952,142.8250075,-35.39,2017-11-09
953,145.23999,-37.32,2017-11-10
954,145.29999,-37.269995,2017-11-10
955,145.39999,-37.28,2017-11-10
956,145.34,-37.25999,2017-11-10
957,143.27999666666668,-36.949995,2017-11-10
958,146.23999,-38.89,2017-11-11
959,141.43,-37.72,2017-11-12
960,142.32001,-37.05,2017-11-13
961,142.5,-37.05,2017-11-13
962,144.31,-38.089995,2017-11-21
963,144.330005,-37.949995,2017-11-22
964,143.110005,-34.7,2017-11-27
965,149.3175,-37.615,2017-11-28
966,144.610005,-37.82,2017-11-28
967,149.32667333333333,-37.39666666666667,2017-11-29
968,146.14999999999998,-36.31,2017-12-07
969,143.43428428571428,-36.722857142857144,2017-12-11
970,141.3,-38.11,2017-12-11
971,141.195996,-37.575996,2017-12-11
972,141.27777555555556,-37.77999777777778,2017-12-11
973,141.269995,-37.92333166666667,2017-12-11
974,148.34,-37.72,2017-12-12
975,148.389995,-37.72,2017-12-12
976,144.29999,-37.949995,2017-12-12
977,149.328,-37.612,2017-12-14
978,145.16,-36.64,2017-12-14
979,141.935,-36.7649975,2017-12-15
980,148.14444333333333,-37.297776666666664,2017-12-18
981,148.32001,-37.53,2017-12-21
982,142.15333333333334,-37.253326666666666,2017-12-21
983,142.25999333333334,-37.28333166666667,2017-12-21
984,145.46999499999998,-36.41,2017-12-21
985,145.187994,-38.124,2018-01-05
986,141.02,-37.4,2018-01-05
987,141.049995,-37.269995,2018-01-05
988,141.23999333333333,-37.62,2018-01-05
989,144.57333333333335,-37.82666666666667,2018-01-05
990,141.49,-37.11,2018-01-05
991,146.08000375,-36.90999875,2018-01-06
992,143.16666333333333,-37.013333333333335,2018-01-06
993,147.89999,-36.259996666666666,2018-01-06
994,142.78,-35.4,2018-01-06
995,142,-34.83,2018-01-06
996,140.99,-34.769995,2018-01-06
997,141.78,-34.82,2018-01-06
998,142.79333333333335,-35.26666,2018-01-06
999,141.7,-34.79,2018-01-06
1000,141.14,-34.8,2018-01-06
1001,141.30667,-34.913333333333334,2018-01-06
1002,141.189995,-34.79,2018-01-06
1003,141.2,-34.84,2018-01-06
1004,141.449995,-34.92,2018-01-06
1005,141.48333,-34.98,2018-01-06
1006,141.17999,-34.74,2018-01-06
1007,141.52,-34.9,2018-01-06
1008,142.435,-37.259995,2018-01-07
1009,141.56461384615383,-34.6476923076923,2018-01-08
1010,143.2649925,-36.155,2018-01-08
1011,144.44,-37.79,2018-01-15
1012,143.449995,-36.98,2018-01-16
1013,142.949995,-36.010000000000005,2018-01-16
1014,141.08250375,-37.9025,2018-01-17
1015,143.451994,-38.235998,2018-01-17
1016,142.4399975,-36.394999999999996,2018-01-18
1017,148.31,-36.929995000000005,2018-01-18
1018,148.949995,-37.43999,2018-01-18
1019,142.78666666666666,-34.7,2018-01-18
1020,141.86,-34.6,2018-01-18
1021,140.98,-34.16,2018-01-18
1022,141.928,-34.66,2018-01-18
1023,141.995,-34.7,2018-01-18
1024,141.67999,-34.6,2018-01-18
1025,142.07,-34.705,2018-01-18
1026,142.288,-34.635999999999996,2018-01-18
1027,141.72,-34.62,2018-01-18
1028,142.0599975,-34.7549975,2018-01-18
1029,143.57333333333335,-38.54666666666667,2018-01-18
1030,142.12,-34.78,2018-01-18
1031,141.8050025,-34.665,2018-01-18
1032,142.16,-34.75999,2018-01-18
1033,142.36,-34.8,2018-01-18
1034,142.34,-37.16,2018-01-18
1035,141.2733288888889,-35.81111111111111,2018-01-19
1036,147.08,-37.36,2018-01-19
1037,147.16,-37.8,2018-01-19
1038,147,-37.4,2018-01-19
1039,147.065,-37.51,2018-01-19
1040,146.87,-37.41,2018-01-19
1041,147.75499916666666,-37.2949975,2018-01-19
1042,147.73249875,-37.4199975,2018-01-19
1043,147.830005,-37.510000000000005,2018-01-19
1044,147.17999,-37.54,2018-01-19
1045,147.59000500000002,-37.17,2018-01-19
1046,147.689995,-37.34,2018-01-19
1047,147.87333333333333,-37.54666666666667,2018-01-19
1048,147.93333333333334,-37.55999666666667,2018-01-19
1049,148.03,-37.6,2018-01-19
1050,148.1057157142857,-37.64285714285714,2018-01-19
1051,147.79999,-37.24,2018-01-19
1052,147.91333,-37.36,2018-01-19
1053,148.07,-37.510000000000005,2018-01-19
1054,147.99,-37.55,2018-01-19
1055,148.189995,-37.62,2018-01-19
1056,146.98,-37.54,2018-01-19
1057,146.94956217391305,-36.65391217391304,2018-01-19
1058,147.32667333333333,-36.53333333333333,2018-01-19
1059,146.76001,-36.569995000000006,2018-01-19
1060,145.229995,-36.010000000000005,2018-01-19
1061,146.29332666666667,-36.806666666666665,2018-01-19
1062,145.48,-36.19,2018-01-19
1063,141.8,-34.589995,2018-01-19
1064,141.59000500000002,-34.91,2018-01-19
1065,141.25332333333333,-35.013333333333335,2018-01-19
1066,144.24,-35.733333333333334,2018-01-19
1067,144.04001,-35.62,2018-01-19
1068,144.08,-35.57999,2018-01-19
1069,142.37,-34.38,2018-01-19
1070,141.23999,-35.84,2018-01-20
1071,147.53333666666666,-36.14666666666667,2018-01-20
1072,147.64,-36.2,2018-01-20
1073,148.040001,-36.35,2018-01-20
1074,141.47333,-34.27333,2018-01-20
1075,142.55333,-34.8,2018-01-20
1076,141.63,-34.31,2018-01-20
1077,141.93,-34.7499975,2018-01-20
1078,142.110005,-34.21,2018-01-20
1079,142.08000333333334,-34.27999666666667,2018-01-20
1080,142.01,-34.8,2018-01-20
1081,141.774995,-34.144999999999996,2018-01-20
1082,141.974995,-34.15,2018-01-20
1083,142.110005,-34.33,2018-01-20
1084,141.92,-34.14,2018-01-20
1085,141.92,-34.18,2018-01-20
1086,141.03999666666667,-35.63333333333333,2018-01-21
1087,143.32001,-35.68,2018-01-21
1088,142.08571857142857,-35.177142857142854,2018-01-22
1089,141.15777555555556,-34.84666666666667,2018-01-23
1090,141.20999999999998,-34.89,2018-01-23
1091,141.3,-34.749995,2018-01-23
1092,141.269995,-35.569995000000006,2018-01-25
1093,141.10001,-35.4,2018-01-25
1094,141.14999999999998,-35.429995000000005,2018-01-25
1095,141.229995,-35.510000000000005,2018-01-25
1096,141.34000333333333,-35.56,2018-01-25
1097,141.42,-35.569995000000006,2018-01-25
1098,141.46999499999998,-35.65,2018-01-25
1099,141.01,-35.429995000000005,2018-01-25
1100,141.33167,-35.4599975,2018-01-25
1101,141.44222,-35.479997777777776,2018-01-25
1102,141.55999666666668,-35.489999999999995,2018-01-25
1103,141.56,-35.62,2018-01-25
1104,141.63,-35.52,2018-01-25
1105,141.08666583333334,-36.540414375,2018-01-26
1106,141.30421052631579,-36.599997894736845,2018-01-26
1107,141.06799900000001,-36.397999,2018-01-26
1108,141.49333333333334,-36.66,2018-01-26
1109,141.15333333333334,-36.39333333333333,2018-01-26
1110,141.2,-36.42,2018-01-26
1111,141.2,-36.46,2018-01-26
1112,141.43999666666667,-36.54,2018-01-26
1113,141.43,-36.6,2018-01-26
1114,141.18666,-36.24666333333334,2018-01-26
1115,142.2,-37.25999,2018-01-27
1116,144.71999666666667,-36.79,2018-01-31
1117,147.59000500000002,-36.12,2018-02-04
1118,147.770005,-36.25999,2018-02-04
1119,147.76001,-36.3,2018-02-04
1120,148.95999,-37.17,2018-02-04
1121,149.15555333333333,-37.297776666666664,2018-02-04
1122,149.04001,-37.4099975,2018-02-04
1123,147.40999499999998,-37.55,2018-02-04
1124,147.30285857142857,-37.53714285714286,2018-02-04
1125,148.06666666666666,-37.579996666666666,2018-02-04
1126,149.3799985714286,-37.45428285714286,2018-02-04
1127,148.048001,-37.401999000000004,2018-02-04
1128,148.135,-37.629999999999995,2018-02-04
1129,148.63,-37.61,2018-02-04
1130,148.212,-37.524,2018-02-04
1131,148.88,-37.41,2018-02-04
1132,147.795998,-37.447994,2018-02-04
1133,148.46999499999998,-37.429995000000005,2018-02-04
1134,147.76001,-37.57999,2018-02-04
1135,148.89999,-37.489999999999995,2018-02-04
1136,148.503996,-37.532000000000004,2018-02-04
1137,146.60001,-37.949995,2018-02-04
1138,149.17999,-37.4,2018-02-04
1139,148.58,-37.48,2018-02-04
1140,148.06000333333333,-37.5,2018-02-04
1141,142.25499,-37.625,2018-02-04
1142,148.54001,-37.57999,2018-02-04
1143,142,-36.47,2018-02-04
1144,141.97999777777778,-36.53111111111111,2018-02-04
1145,141.769995,-36.62,2018-02-04
1146,143.310005,-34.9,2018-02-04
1147,141.82001,-36.7,2018-02-04
1148,141.844,-36.591998000000004,2018-02-04
1149,146.6050075,-37.5599975,2018-02-06
1150,146.03333666666666,-36.77333,2018-02-06
1151,148.88,-37.489999999999995,2018-02-07
1152,142.52,-34.72,2018-02-08
1153,142.944995,-37.244997500000004,2018-02-09
1154,148.48,-37.11,2018-02-13
1155,148.14,-37.15,2018-02-17
1156,148.09143428571429,-37.27428285714286,2018-02-17
1157,148.13,-37.489999999999995,2018-02-17
1158,148.3874975,-36.9149975,2018-02-17
1159,148.38181545454546,-37.01090909090909,2018-02-17
1160,147.830005,-37.21,2018-02-17
1161,148.57333333333335,-37.079996666666666,2018-02-17
1162,148.64,-37.12,2018-02-17
1163,148.050005,-37.069995000000006,2018-02-17
1164,148.45999,-36.9,2018-02-17
1165,143.45999571428572,-38.557140000000004,2018-02-26
1166,146.34625125,-36.72249875,2018-02-27
1167,146.66,-37.429995000000005,2018-02-27
1168,146.38,-36.73999666666667,2018-03-01
1169,146.7,-37.46,2018-03-02
1170,146.7,-37.4,2018-03-02
1171,147.82001,-37.7,2018-03-02
1172,141.00666666666666,-38.04666666666667,2018-03-02
1173,143.1574975,-34.8375,2018-03-07
1174,141.27333,-34.306666666666665,2018-03-07
1175,143.72,-37.48,2018-03-08
1176,141.51,-37.04,2018-03-09
1177,145.95999,-38.28,2018-03-10
1178,146.66242303030302,-37.759392727272726,2018-03-10
1179,146.67999,-37.89,2018-03-10
1180,146.71333333333334,-37.67333333333333,2018-03-10
1181,146.949995,-37.39,2018-03-10
1182,147.37,-37.36,2018-03-10
1183,144.2,-37.67,2018-03-12
1184,141.37,-36.7,2018-03-13
1185,143.5333288888889,-37.86888888888889,2018-03-13
1186,143.695996,-37.488,2018-03-13
1187,143.92666666666665,-37.32666666666667,2018-03-13
1188,143.689995,-38.1,2018-03-13
1189,144.04001,-38.21,2018-03-13
1190,141.89999,-36.62,2018-03-13
1191,143.66,-37.41,2018-03-13
1192,143.16,-37.92,2018-03-13
1193,143.51,-38.010000000000005,2018-03-13
1194,143.12000333333333,-38.04,2018-03-13
1195,143.4155511111111,-37.95777555555556,2018-03-13
1196,143.85000000000002,-37.84,2018-03-13
1197,141.89999666666665,-36.97,2018-03-13
1198,141.90999499999998,-37.089995,2018-03-13
1199,143.269995,-37.82,2018-03-13
1200,144.07333333333335,-37.82666666666667,2018-03-13
1201,143.74665666666667,-37.406666666666666,2018-03-14
1202,143.90666,-37.32666666666667,2018-03-14
1203,146.752002,-37.344,2018-03-15
1204,146.7750025,-37.02,2018-03-15
1205,145.789995,-37.35,2018-03-16
1206,148.67499625,-37.5025,2018-03-17
1207,148.59000500000002,-37.55,2018-03-17
1208,149.03,-37.62,2018-03-17
1209,149.09000500000002,-37.589995,2018-03-17
1210,143,-38.32,2018-03-17
1211,148.41999666666666,-37.31333333333333,2018-03-17
1212,148.48399799999999,-37.404,2018-03-17
1213,148.82666916666668,-37.476664166666666,2018-03-17
1214,149.10001,-37.54,2018-03-17
1215,149.17999,-37.510000000000005,2018-03-17
1216,149.26001,-37.57999,2018-03-17
1217,142.810005,-38.249995,2018-03-17
1218,146.73999,-37.34,2018-03-18
1219,143.27333,-34.92666333333334,2018-03-18
1220,142.51,-35.14,2018-03-18
1221,143.60001,-35.8,2018-03-18
1222,146.048006,-36.164,2018-03-18
1223,143.80000333333334,-35.98,2018-03-19
1224,143,-38.3,2018-03-20
1225,141.889995,-37,2018-03-20
1226,143.82001,-35.78,2018-03-20
1227,143.8,-35.88,2018-03-21
1228,143.88,-38.05,2018-03-21
1229,143.108006,-38.024,2018-03-21
1230,143.87333333333333,-37.33,2018-03-21
1231,143.42,-37.86,2018-03-21
1232,148.42,-37.6,2018-03-22
1233,148.54001,-37.4,2018-03-22
1234,148.509995,-37.449995,2018-03-22
1235,148.52666333333335,-37.58666,2018-03-22
1236,148.59334,-37.44333,2018-03-22
1237,143.72,-38.1,2018-03-22
1238,143.285,-34.9449975,2018-03-22
1239,141.5,-34.46,2018-03-22
1240,141.52,-36.36,2018-03-22
1241,143.13,-37.89,2018-03-22
1242,145.93333333333334,-36.20666666666667,2018-03-22
1243,143.3100025,-38.010000000000005,2018-03-22
1244,143.55999875,-35.83,2018-03-22
1245,144.73999857142857,-36.614285714285714,2018-03-22
1246,143.39332666666667,-37.92666333333334,2018-03-22
1247,144.06571857142856,-38.011428571428574,2018-03-22
1248,144.009995,-37.4,2018-03-22
1249,144.28,-37.66,2018-03-22
1250,142.17999,-36.96,2018-03-22
1251,143.310005,-34.91,2018-03-26
1252,142,-35.989999999999995,2018-03-26
1253,145.38,-36.17,2018-03-26
1254,146.03333666666666,-36.21333333333333,2018-03-26
1255,146.09000500000002,-36.05999666666667,2018-03-26
1256,141.689995,-36.4,2018-03-26
1257,141.889995,-36.929995000000005,2018-03-27
1258,141.43,-36.67,2018-03-27
1259,142.52,-36.54,2018-03-27
1260,142.41999666666666,-36.8,2018-03-27
1261,142.45999666666665,-36.66,2018-03-27
1262,141.90999499999998,-36.72,2018-03-27
1263,141.57500125,-35.77249625,2018-03-27
1264,143.51,-37.92,2018-03-27
1265,142.52,-36.72,2018-03-27
1266,142.06,-36.929995000000005,2018-03-27
1267,142.5825025,-36.6575,2018-03-27
1268,141.13,-36.71,2018-03-27
1269,143.9849975,-37.385000000000005,2018-03-27
1270,143.90999499999998,-37.33,2018-03-27
1271,142.34,-36.8,2018-03-27
1272,141.63333333333333,-36.71333333333333,2018-03-27
1273,142.169995,-36.98,2018-03-27
1274,141.943996,-35.212,2018-03-27
1275,141.51333333333335,-36.333333333333336,2018-03-27
1276,141.92,-36.98,2018-03-27
1277,146.60001,-36.05,2018-03-27
1278,146.02666333333335,-36.03333333333333,2018-03-27
1279,142.45999,-36.17,2018-03-27
1280,146.10001,-36.17,2018-03-27
1281,145.93749875,-36.23749875,2018-03-27
1282,143.14,-37.85,2018-03-27
1283,143.23999285714285,-37.894285714285715,2018-03-27
1284,143.51,-38.02,2018-03-27
1285,145.87,-36.04,2018-03-27
1286,144.7249975,-36.625,2018-03-27
1287,141.889995,-37.089995,2018-03-27
1288,143.65142857142857,-37.36571428571429,2018-03-27
1289,143.88,-37.38,2018-03-27
1290,142.875998,-37.771996,2018-03-27
1291,143.189995,-38.069995000000006,2018-03-27
1292,144.86922923076924,-36.40769230769231,2018-03-27
1293,141.66,-36.64,2018-03-27
1294,142.110005,-37.65,2018-03-27
1295,143.049995,-36.96,2018-03-27
1296,143.8,-37.41,2018-03-27
1297,141.67999,-36.71,2018-03-27
1298,142.66,-36.96,2018-03-27
1299,141.97999666666666,-36.989999999999995,2018-03-27
1300,143.40666,-37.92666333333334,2018-03-27
1301,143.14,-38.04,2018-03-27
1302,143.73999,-38.11,2018-03-27
1303,145.99,-36.129999999999995,2018-03-27
1304,143.42,-37.62,2018-03-27
1305,143.330005,-36.04,2018-03-27
1306,143.60001,-38.05,2018-03-27
1307,143.549995,-36.05,2018-03-27
1308,145.79999,-36.12,2018-03-27
1309,142.01,-36.8,2018-03-27
1310,145.12,-36.82,2018-03-27
1311,143.23999333333333,-37.75999,2018-03-27
1312,144.04001,-37.8,2018-03-27
1313,145.56,-36.06,2018-03-27
1314,142.16,-36.9,2018-03-27
1315,143.66,-36.1,2018-03-27
1316,143.32001,-36.449995,2018-03-27
1317,142.7,-36.61,2018-03-27
1318,146.02727272727273,-37.81272727272727,2018-03-28
1319,145.889995,-37.85,2018-03-28
1320,147.95817818181817,-37.372727272727275,2018-03-28
1321,143.9199975,-38.010000000000005,2018-03-28
1322,146.729995,-38.18,2018-03-28
1323,141.43,-36.82,2018-03-28
1324,143.04666,-37.84666666666667,2018-03-28
1325,143.889995,-37.929995000000005,2018-03-28
1326,142.44,-37.83,2018-03-28
1327,144.04,-38.16,2018-03-28
1328,143.455996,-37.771996,2018-03-28
1329,142.07500000000002,-35.774995000000004,2018-03-28
1330,145.889996875,-37.37625,2018-03-28
1331,144.01999,-37.45999666666667,2018-03-28
1332,143.84,-37.74,2018-03-28
1333,144.18666,-38.24666333333334,2018-03-28
1334,141.57,-36.78,2018-03-28
1335,143.74999,-37.74,2018-03-28
1336,142.85000000000002,-37.88,2018-03-28
1337,142.58,-38.04,2018-03-28
1338,145.1050025,-35.974999999999994,2018-03-28
1339,145.95999,-36.04,2018-03-28
1340,143.12,-34.89,2018-03-28
1341,145.44285285714287,-36.63428571428572,2018-03-28
1342,142.34,-36.72,2018-03-28
1343,146.17777444444445,-36.15555555555555,2018-03-28
1344,145.62000285714285,-36.079995714285715,2018-03-28
1345,145.199998,-36.751998,2018-03-28
1346,144.03,-37.4,2018-03-28
1347,146.124002,-37.672,2018-03-28
1348,145.26001,-36.62,2018-03-28
1349,145.389995,-36.230000000000004,2018-03-28
1350,141.48666666666665,-36.71333333333333,2018-03-28
1351,142.5,-36.72,2018-03-28
1352,143.65999666666667,-38.069995000000006,2018-03-28
1353,144.91714,-36.511428571428574,2018-03-28
1354,145.76800599999999,-36.364000000000004,2018-03-28
1355,143.36,-37.569995000000006,2018-03-28
1356,145.88,-36.42,2018-03-28
1357,141.62,-36.7,2018-03-28
1358,142.75999,-36.8,2018-03-28
1359,143.37,-37.7,2018-03-28
1360,143.67999,-38.18,2018-03-28
1361,146.48,-36.18,2018-03-28
1362,146.36461384615384,-37.930763846153845,2018-03-29
1363,146.264002,-37.912,2018-03-29
1364,147.5654590909091,-37.334545454545456,2018-03-29
1365,146.37333333333333,-37.85333333333333,2018-03-29
1366,147.47999666666666,-37.31,2018-03-29
1367,146.20399999999998,-37.735996,2018-03-29
1368,146.25500499999998,-37.715,2018-03-29
1369,145.729995,-36.24,2018-03-29
1370,145.65333333333334,-36.15333333333333,2018-03-29
1371,144.71333333333334,-36.17333333333333,2018-03-29
1372,145.13,-36.14,2018-03-29
1373,145.87999666666667,-37.33,2018-03-30
1374,141.38587823529411,-36.66470588235294,2018-03-30
1375,145.986665,-37.47333333333333,2018-03-30
1376,145.70499999999998,-37.635,2018-03-30
1377,143.46999499999998,-37.91,2018-03-30
1378,142.08667,-37.70666666666667,2018-03-30
1379,147.64,-36.12,2018-03-30
1380,142.45332666666667,-37.85333333333333,2018-03-30
1381,143.65333333333334,-37.986666666666665,2018-03-30
1382,142.53999,-36.69,2018-03-30
1383,141.52,-38.28,2018-03-30
1384,143.60286,-37.81428571428572,2018-03-30
1385,145.73999,-36.31,2018-03-30
1386,145.52,-36.25999,2018-03-30
1387,141.59334,-36.666666666666664,2018-03-30
1388,143.74999,-37.54,2018-03-30
1389,143.37333333333333,-38.013333333333335,2018-03-30
1390,145.12,-36,2018-03-30
1391,143.08857714285713,-37.8,2018-03-30
1392,143.36,-37.8,2018-03-30
1393,143.14,-37.81,2018-03-30
1394,145.81555777777777,-36.071108888888894,2018-03-30
1395,143.1899975,-38.03,2018-03-30
1396,144.708,-36.235998,2018-03-30
1397,143.30250375,-37.637499999999996,2018-03-30
1398,143.110005,-37.92,2018-03-30
1399,145.69666333333333,-36.466665,2018-03-30
1400,144.852,-36.316,2018-03-30
1401,144.39999666666665,-37.3,2018-10-03
1402,147.04001,-36.46,2018-10-04
1403,141.3,-37.65,2018-10-04
1404,143.269995,-37.24,2018-10-04
1405,141.51,-37.46,2018-10-04
1406,145.28666333333334,-35.96666666666667,2018-10-05
1407,144.148,-37.524,2018-10-11
1408,144.39999666666665,-37.32,2018-10-12
1409,141.28,-37.249995,2018-10-12
1410,141.22,-35.92,2018-10-17
1411,143.2685657142857,-37.23999714285714,2018-10-21
1412,141.28,-37.249995,2018-10-21
1413,149.5,-37.4,2018-10-22
1414,143.63,-37.06,2018-10-23
1415,142.8,-36.949995,2018-10-23
1416,143.23999333333333,-37.41,2018-10-24
1417,141.29000000000002,-37.249995,2018-10-24
1418,144.229995,-36.7,2018-10-24
1419,144.29999,-37.35,2018-10-24
1420,144.169995,-38.36,2018-10-28
1421,141,-34.79,2018-10-29
1422,141,-34.84,2018-10-30
1423,141.14999999999998,-34.75999,2018-10-30
1424,141.07111111111112,-34.80222222222222,2018-11-01
1425,141.0025,-34.74249625,2018-11-01
1426,143.32001,-38.6,2018-11-17
1427,145.889995,-37.759996666666666,2018-11-30
1428,145.49,-37.71,2018-11-30
1429,145.56,-37.65,2018-11-30
1430,142.32001,-34.34,2018-12-02
1431,143.889995,-37.68,2018-12-05
1432,147.4099975,-38.14,2018-12-05
1433,147.5,-36.52,2018-12-07
1434,146.509995,-36.69,2018-12-17
1435,141.61333666666667,-34.870000000000005,2018-12-23
1436,141.66,-34.9,2018-12-23
1437,141.62000333333333,-34.93999,2018-12-23
1438,141.48594324324324,-34.98810594594595,2018-12-23
1439,141.683996,-35.02,2018-12-23
1440,141.7,-34.93999,2018-12-23
1441,141.62,-35.12,2018-12-23
1442,141.865,-35.03,2018-12-23
1443,141.89999,-34.9,2018-12-23
1444,141.82001,-35.02,2018-12-23
1445,141.82001,-34.93999,2018-12-23
1446,141.78,-34.9499975,2018-12-23
1447,146.39999,-37.82666666666667,2018-12-24
1448,142.2888888888889,-37.18,2018-12-24
1449,142.43333333333334,-37.259996666666666,2018-12-24
1450,145.72,-37.88,2018-12-24
1451,142.223996,-37.32,2018-12-24
1452,146.06,-36.02,2018-12-24
1453,142.43,-37.18,2018-12-24
1454,142.330005,-37.41,2018-12-24
1455,145.75,-37.8,2018-12-24
1456,142.17999,-37.43999,2018-12-24
1457,145.93,-37.7,2018-12-24
1458,142.34,-37.07999,2018-12-24
1459,142.53999,-37.36,2018-12-24
1460,145.75,-35.989999999999995,2018-12-24
1461,146.62,-36.04,2018-12-24
1462,146.789995,-38.25999,2018-12-25
1463,146.74999625,-38.35,2018-12-25
1464,147.88333,-37.483331666666665,2018-12-26
1465,146.65599799999998,-38.328,2018-12-27
1466,142.92,-37.4,2018-12-29
1467,146.957995,-38.198,2018-12-31
1468,146.79999,-38.21,2019-01-03
1469,146.84,-38.21,2019-01-03
1470,146.84,-38.3,2019-01-03
1471,147,-38.25999,2019-01-03
1472,146.94,-38.249995,2019-01-05
1473,146.88,-38.25999,2019-01-05
1474,142.620002,-37.18,2019-01-07
1475,141.88,-36.8,2019-01-07
1476,141.06,-36.97,2019-01-08
1477,142.5950075,-37.14,2019-01-09
1478,142.62,-37.23999666666667,2019-01-09
1479,141.415996,-34.812,2019-01-09
1480,142.3799975,-37.035,2019-01-09
1481,142.39999666666665,-37.08666,2019-01-09
1482,142.38,-34.36,2019-01-09
1483,141.52615,-35.91538153846154,2019-01-09
1484,141.79000000000002,-36.569995000000006,2019-01-09
1485,141.7,-35.68,2019-01-09
1486,141.74999,-35.72,2019-01-09
1487,141.73999,-35.66,2019-01-09
1488,145.971996,-37.047998,2019-01-10
1489,146.59555777777777,-38.22,2019-01-10
1490,146.06666666666666,-37.04666666666667,2019-01-10
1491,146.48,-38.2,2019-01-10
1492,141.330005,-34.79,2019-01-10
1493,141.14,-34.92,2019-01-10
1494,141.25999,-35.43999,2019-01-10
1495,141.23999,-35.39,2019-01-10
1496,141.39999,-35.46,2019-01-10
1497,141.78,-35.46,2019-01-10
1498,146.64,-37.86,2019-01-11
1499,146.51999,-37.56,2019-01-11
1500,146.41333,-36.70666666666667,2019-01-11
1501,146.07333333333335,-36.753326666666666,2019-01-11
1502,145.95999666666665,-36.77999666666667,2019-01-11
1503,141.5,-36.6,2019-01-13
1504,140.98,-35.02,2019-01-13
1505,141.02,-35,2019-01-13
1506,141,-34.86,2019-01-13
1507,141.19333,-35.58666,2019-01-13
1508,141.72,-36.5,2019-01-13
1509,141.100005,-34.815,2019-01-13
1510,141.03999,-34.62,2019-01-13
1511,141.229995,-34.68,2019-01-13
1512,141.14,-34.749995,2019-01-13
1513,141.10001,-34.66,2019-01-13
1514,141.169995,-34.7,2019-01-13
1515,147.4249975,-35.985,2019-01-13
1516,146.53,-37.92,2019-01-14
1517,144.1849975,-37.225,2019-01-14
1518,144.28,-37.4,2019-01-14
1519,144.2899992857143,-37.27428357142857,2019-01-14
1520,144.169995,-37.31,2019-01-14
1521,144.449995,-37.53,2019-01-14
1522,146.99333333333334,-37.64666666666667,2019-01-14
1523,144.08,-37.24,2019-01-14
1524,144.22,-37.28,2019-01-14
1525,145.70666555555556,-37.21333333333333,2019-01-14
1526,145.13333333333333,-37.303333333333335,2019-01-14
1527,146.52666333333335,-37.32666666666667,2019-01-14
1528,144.45999,-37.43999,2019-01-14
1529,145.527999,-37.716,2019-01-14
1530,145.2,-37.3,2019-01-14
1531,145.22,-37.42,2019-01-14
1532,146.48,-37.42,2019-01-14
1533,145.1849925,-37.48,2019-01-14
1534,145.28908636363636,-37.721816363636364,2019-01-14
1535,145.949995,-37.39,2019-01-14
1536,145.289995,-37.629999999999995,2019-01-14
1537,145.38666333333333,-37.76666,2019-01-14
1538,143.86,-37.56,2019-01-14
1539,145.73999,-37.75999,2019-01-14
1540,146.71999666666667,-37.929995000000005,2019-01-14
1541,148.12,-36.5,2019-01-14
1542,149.34,-37.269995,2019-01-14
1543,149.34,-37.32,2019-01-14
1544,147.80154076923077,-36.23692076923077,2019-01-14
1545,147.43666333333334,-36.32333333333334,2019-01-14
1546,147.54833250000001,-36.40166583333333,2019-01-14
1547,146.4249975,-36.86,2019-01-14
1548,146.187996,-37.067996,2019-01-14
1549,142.449995,-37.14,2019-01-14
1550,146.169995,-37.129999999999995,2019-01-14
1551,142.57,-37.34,2019-01-14
1552,148.65999666666667,-37.733333333333334,2019-01-14
1553,146.46999666666667,-36.756661666666666,2019-01-14
1554,146.50428285714287,-37.01285714285714,2019-01-14
1555,147.82667333333333,-36.32,2019-01-14
1556,146.95999,-36.36,2019-01-14
1557,146.92666666666665,-36.733333333333334,2019-01-14
1558,146.93999666666667,-36.95333,2019-01-14
1559,146.93,-37.02,2019-01-14
1560,147.03428571428572,-36.31142857142857,2019-01-14
1561,147.116004,-36.36,2019-01-14
1562,147.07,-36.7399975,2019-01-14
1563,147.009995,-36.870000000000005,2019-01-14
1564,147.09000500000002,-37.02,2019-01-14
1565,147.110005,-37.21,2019-01-14
1566,147.669995,-37.269995,2019-01-14
1567,147.10001,-36.61,2019-01-14
1568,147.050005,-36.949995,2019-01-14
1569,147.44,-36.07999,2019-01-14
1570,147.26001,-36.48,2019-01-14
1571,141.34666666666666,-37.24666333333334,2019-01-14
1572,141.03999,-37.82,2019-01-14
1573,147.488,-36.111998,2019-01-14
1574,147.28,-36.43999,2019-01-14
1575,141.44,-37.22,2019-01-14
1576,141.45999,-37.25999,2019-01-14
1577,141.13250125,-37.43749375,2019-01-14
1578,141.02,-37.86,2019-01-14
1579,147.51999,-35.96,2019-01-14
1580,148.42,-37.02,2019-01-14
1581,141.3016675,-37.464998333333334,2019-01-14
1582,141.98,-37.429995000000005,2019-01-14
1583,146.110005,-37.55,2019-01-14
1584,141.169995,-37.71,2019-01-14
1585,141.40068758620689,-38.053102413793106,2019-01-14
1586,142.34,-37.24,2019-01-14
1587,142.169995,-37.489999999999995,2019-01-14
1588,142.20999999999998,-37.510000000000005,2019-01-14
1589,146.22,-37.55,2019-01-14
1590,146.22,-37.6,2019-01-14
1591,141.179994,-37.62,2019-01-14
1592,141.29058647058824,-37.656470588235294,2019-01-14
1593,146.22,-37.7,2019-01-14
1594,141.41333,-37.86,2019-01-14
1595,141.330005,-37.870000000000005,2019-01-14
1596,147.889995,-36.12,2019-01-14
1597,142.29000000000002,-37.449995,2019-01-14
1598,142.310005,-37.489999999999995,2019-01-14
1599,141.48727,-37.91817909090909,2019-01-14
1600,141.2355511111111,-37.986666666666665,2019-01-14
1601,142.28666666666666,-34.64,2019-01-14
1602,148.03,-36.18,2019-01-14
1603,142.608003,-37.2,2019-01-14
1604,142.74999,-37.269995,2019-01-14
1605,141.25999,-37.870000000000005,2019-01-14
1606,142.96999499999998,-38.269995,2019-01-14
1607,142.51,-34.71,2019-01-14
1608,142.3,-37.24,2019-01-14
1609,142.34,-37.36,2019-01-14
1610,142.44,-37.36,2019-01-14
1611,142.45999,-37.5,2019-01-14
1612,142.48,-37.27999666666667,2019-01-14
1613,143.64615307692307,-36.37538461538462,2019-01-14
1614,141.64833083333332,-37.583330000000004,2019-01-14
1615,141.69333,-37.67333333333333,2019-01-14
1616,143.73999,-36.48,2019-01-14
1617,142.16,-36.38,2019-01-14
1618,142.25999,-36.370000000000005,2019-01-14
1619,142.27333,-36.48,2019-01-14
1620,144.32001,-36.61,2019-01-14
1621,141.72,-34.82,2019-01-14
1622,141,-34.36,2019-01-14
1623,140.99,-36.5,2019-01-14
1624,145.63,-37.55,2019-01-15
1625,146.00461076923077,-37.73230615384615,2019-01-15
1626,145.93428428571428,-37.831428571428575,2019-01-15
1627,145.81666833333333,-37.82333333333334,2019-01-15
1628,145.76001,-37.42,2019-01-15
1629,146.112004,-37.739996,2019-01-15
1630,146.23666333333333,-37.77666166666667,2019-01-15
1631,146.06,-37.73999666666667,2019-01-15
1632,146.44666333333333,-37.79333333333333,2019-01-15
1633,146.5800025,-37.81,2019-01-15
1634,146.6200025,-37.870000000000005,2019-01-15
1635,146.330005,-37.68,2019-01-15
1636,146.389995,-37.749995,2019-01-15
1637,146.64999999999998,-37.75999,2019-01-15
1638,146.14,-37.8,2019-01-15
1639,146.56,-37.47,2019-01-15
1640,146.56000333333333,-37.406666666666666,2019-01-15
1641,147.04000142857143,-37.39142857142857,2019-01-15
1642,147.17999,-37.54,2019-01-15
1643,148.92666666666665,-37.553333333333335,2019-01-15
1644,147.85333333333335,-37.32666666666667,2019-01-15
1645,147.87,-37.39,2019-01-15
1646,148.84000333333333,-37.54,2019-01-15
1647,147.45999,-37.04,2019-01-15
1648,147.78,-36.68,2019-01-15
1649,147.76001,-37.42,2019-01-15
1650,147.671994,-36.836,2019-01-15
1651,147.330005,-36.52,2019-01-15
1652,147.147998,-36.728,2019-01-15
1653,147.46666,-36.72666666666667,2019-01-15
1654,147.40999499999998,-36.35,2019-01-15
1655,142.8,-34.6,2019-01-15
1656,142.90999499999998,-34.68,2019-01-15
1657,147.79999,-36.03,2019-01-15
1658,147.44,-36.38,2019-01-15
1659,147.89999,-36.259996666666666,2019-01-15
1660,148,-37.269995,2019-01-18
1661,146.92666666666665,-38.21333333333333,2019-01-19
1662,147.73999,-37.21,2019-01-20
1663,147.85000000000002,-37.36,2019-01-20
1664,141.6599975,-35.769995,2019-01-20
1665,141.21999666666667,-34.80888888888889,2019-01-20
1666,141.304004,-34.864000000000004,2019-01-20
1667,141.37,-34.84,2019-01-20
1668,141.49454363636363,-35.907575,2019-01-20
1669,141.56999875,-34.8575,2019-01-20
1670,141.47999666666666,-34.84,2019-01-20
1671,141.7849975,-35.7399975,2019-01-20
1672,141.8924103448276,-35.72137793103448,2019-01-20
1673,141.67999333333333,-35.956665,2019-01-20
1674,141.84000333333333,-34.78666666666667,2019-01-20
1675,142.28,-34.68,2019-01-20
1676,142.2579965,-34.772998,2019-01-20
1677,141.70999999999998,-35.86,2019-01-20
1678,142.09334,-34.18,2019-01-20
1679,142.17999,-34.78,2019-01-20
1680,141.830005,-34.19,2019-01-20
1681,142.06,-34.31,2019-01-20
1682,142.16,-34.7,2019-01-20
1683,142.02999499999999,-34.12,2019-01-20
1684,141.82001,-34.14,2019-01-20
1685,142.42,-34.749995,2019-01-20
1686,147.79999,-37.35,2019-01-21
1687,146.635,-38.18875,2019-01-21
1688,147.7450025,-37.345,2019-01-21
1689,148,-37.269995,2019-01-21
1690,147.729995,-37.29,2019-01-21
1691,146.949995,-36.629999999999995,2019-01-21
1692,145.12,-35.88,2019-01-21
1693,145.12,-35.93999,2019-01-21
1694,145.21333333333334,-35.96666666666667,2019-01-21
1695,145.22,-35.86,2019-01-21
1696,147.04001,-36.53,2019-01-21
1697,146.81,-36.56666333333334,2019-01-21
1698,146.53333666666666,-38.20666666666667,2019-01-22
1699,147.289995,-37.54,2019-01-22
1700,147.36,-37.46,2019-01-22
1701,147.81,-37.129999999999995,2019-01-23
1702,148.015998,-37.296,2019-01-23
1703,146.2162475,-37.04374875,2019-01-23
1704,147.723998,-37.279998,2019-01-23
1705,147.6200025,-37.31,2019-01-23
1706,147.88,-36.249995,2019-01-23
1707,147.8471992,-37.386399600000004,2019-01-23
1708,146.17999,-37.12,2019-01-23
1709,147.58235588235294,-37.16117588235294,2019-01-23
1710,145.95666333333332,-37.86666666666667,2019-01-24
1711,149.23142734693877,-37.28734510204082,2019-01-24
1712,146.96999499999998,-37.39,2019-01-24
1713,147.0450075,-37.759995,2019-01-24
1714,147.04001,-37.3,2019-01-24
1715,147.08667,-37.306666666666665,2019-01-24
1716,146.88,-37.36,2019-01-24
1717,147.110005,-37.38,2019-01-24
1718,147.12000333333333,-37.46,2019-01-24
1719,146.20999999999998,-37.67,2019-01-25
1720,146.8849975,-36.885,2019-01-25
1721,146.270005,-37.15,2019-01-25
1722,145.93833,-37.229998333333334,2019-01-25
1723,146.09000333333333,-37.27999916666667,2019-01-25
1724,146.207997,-37.3099985,2019-01-25
1725,145.96999499999998,-37.31,2019-01-25
1726,147.38,-37.14,2019-01-25
1727,146.600005,-37.489999999999995,2019-01-25
1728,146.54001,-37.54,2019-01-25
1729,146.59000500000002,-36.65,2019-01-25
1730,146.31,-37.54666666666667,2019-01-25
1731,146.66666333333333,-36.61333333333333,2019-01-25
1732,146.287996,-37.704,2019-01-27
1733,146.22,-37.68,2019-01-27
1734,148.153999,-37.283998,2019-01-28
1735,148.08,-37.32,2019-01-28
1736,146.5225,-37.92249625,2019-01-29
1737,141.049995,-37.449995,2019-01-29
1738,146.41666333333333,-37.91666333333333,2019-01-29
1739,147.669995,-36.230000000000004,2019-01-29
1740,146.38,-37.74,2019-01-29
1741,141.389995,-37.79,2019-01-29
1742,144.44,-38.249995,2019-01-30
1743,148.19333,-37.35,2019-01-31
1744,145.51999,-38.439996666666666,2019-01-31
1745,146.54001,-37.93999,2019-01-31
1746,148.06,-37.32,2019-01-31
1747,146.3,-38.11,2019-01-31
1748,148,-37.269995,2019-02-01
1749,148.474995,-37.094997500000005,2019-02-02
1750,145.73999,-37.29,2019-02-02
1751,146.22181545454546,-37.71272727272727,2019-02-02
1752,148.17999,-37.39,2019-02-14
1753,142.23999,-34.2,2019-02-16
1754,148.227996,-37.296,2019-02-20
1755,146.43,-37.97,2019-02-23
1756,146.63428714285715,-37.65142857142857,2019-02-25
1757,148.22,-37.34,2019-02-25
1758,141.84,-34.8,2019-02-27
1759,141.92,-34.93999,2019-02-27
1760,141.6690890909091,-34.750907272727275,2019-02-27
1761,141.830005,-34.89,2019-02-27
1762,141.98,-34.92,2019-02-27
1763,141.51333333333335,-34.513333333333335,2019-02-27
1764,141.75999444444443,-34.76444111111111,2019-02-27
1765,141.60001,-34.56,2019-02-27
1766,141.6949975,-34.65,2019-02-27
1767,141.769995,-34.57999,2019-02-27
1768,141.5,-34.24,2019-02-27
1769,141.889995,-34.78,2019-02-27
1770,141.7,-34.57999,2019-02-27
1771,141.86,-34.6,2019-02-27
1772,147.18666,-37.11333333333333,2019-02-28
1773,146.9849975,-37.3,2019-02-28
1774,146.47249625,-38.315,2019-02-28
1775,145.66249625,-37.9825,2019-02-28
1776,147.19333,-37.45333,2019-03-01
1777,146.88,-37.3,2019-03-01
1778,145.88,-37.57999,2019-03-01
1779,146.38,-38.4,2019-03-01
1780,146.68666,-37.66,2019-03-01
1781,146.30666333333335,-37.27333,2019-03-01
1782,146.32001,-39,2019-03-02
1783,146.12,-37.88,2019-03-02
1784,146.78,-37.47,2019-03-03
1785,145.92,-37.5,2019-03-03
1786,148.64,-37.36,2019-03-03
1787,148.17999,-37.34,2019-03-03
1788,145.82001,-37.29,2019-03-03
1789,146.62,-37.24,2019-03-03
1790,149.50666333333334,-37.46333,2019-03-03
1791,149.509995,-37.370000000000005,2019-03-03
1792,145.88,-37.61,2019-03-03
1793,145.194995,-38.055,2019-03-03
1794,146.84,-37.48,2019-03-06
1795,147.17332666666667,-37.45333,2019-03-06
1796,146.7,-37.74,2019-03-06
1797,146.28,-37.269995,2019-03-06
1798,147.31,-37.16,2019-03-06
1799,146.96999499999998,-37.38,2019-03-06
1800,146.77333666666667,-37.50666666666667,2019-03-06
1801,147.32001,-37.2,2019-03-06
1802,146.88,-37.56,2019-03-07
1803,146.93,-37.510000000000005,2019-03-07
1804,146.94,-37.66,2019-03-08
1805,146.79999,-37.56,2019-03-08
1806,147.17999,-37.43999,2019-03-08
1807,146.92293794117646,-37.33941176470588,2019-03-08
1808,147,-37.28,2019-03-08
1809,147.03,-37.370000000000005,2019-03-08
1810,146.7,-37.733333333333334,2019-03-08
1811,147.31142785714286,-37.19428571428571,2019-03-08
1812,146.92,-37.74,2019-03-08
1813,147.14,-37.1,2019-03-08
1814,145.89332666666667,-37.64666666666667,2019-03-08
1815,146.86,-37.61,2019-03-09
1816,146.85000000000002,-37.78,2019-03-09
1817,146.90999499999998,-37.759996666666666,2019-03-09
1818,146.95999666666665,-37.62,2019-03-10
1819,147.29999857142857,-37.14,2019-03-10
1820,147,-37.56,2019-03-11
1821,147.31,-37.230000000000004,2019-03-11
1822,146.86,-37.370000000000005,2019-03-11
1823,146.979998,-37.555998,2019-03-12
1824,146.907996,-37.605998,2019-03-12
1825,146.90999499999998,-37.29,2019-03-12
1826,147.01999,-37.249995,2019-03-12
1827,146.95999,-37.249995,2019-03-13
1828,146.87,-37.48,2019-03-13
1829,146.43499624999998,-36.875,2019-03-13
1830,146.54000250000001,-36.965,2019-03-13
1831,146.28,-36.72,2019-03-13
1832,147.08,-37.3,2019-03-13
1833,146.92,-37.3,2019-03-13
1834,147.330005,-37.230000000000004,2019-03-13
1835,143.310005,-37.79,2019-03-13
1836,143.3,-37.85,2019-03-13
1837,146.889995,-37.57999,2019-03-14
1838,147.28,-37.11,2019-03-14
1839,146.99,-37.589995,2019-03-14
1840,146.94,-37.4,2019-03-14
1841,146.59000500000002,-36.9,2019-03-14
1842,146.86,-37.36,2019-03-14
1843,141.39142285714286,-36.66571428571429,2019-03-14
1844,147.14999999999998,-37.43999,2019-03-14
1845,146.67999,-37.69,2019-03-14
1846,147.01999,-37.249995,2019-03-14
1847,146.92666666666665,-37.74666333333334,2019-03-15
1848,146.884995,-37.465,2019-03-15
1849,143.49,-38.04,2019-03-15
1850,143.12,-38.04,2019-03-16
1851,146.95999,-37.66,2019-03-16
1852,143.14999999999998,-37.9,2019-03-16
1853,147,-37.589995,2019-03-17
1854,146.58,-36.88,2019-03-17
1855,143.40999499999998,-37.84,2019-03-17
1856,143.310005,-37.8,2019-03-17
1857,146.87333333333333,-37.24666333333334,2019-03-18
1858,146.92499999999998,-37.315,2019-03-18
1859,141.0025,-36.8575,2019-03-18
1860,143.24665666666667,-37.92666333333334,2019-03-18
1861,142.60001,-36.84,2019-03-18
1862,146.93,-37.22,2019-03-19
1863,141.62,-36.67,2019-03-19
1864,141.88,-36.9,2019-03-19
1865,141.35000000000002,-36.749995,2019-03-19
1866,143.11429,-38.05428285714286,2019-03-19
1867,143.72,-38.1,2019-03-19
1868,143.189995,-38.069995000000006,2019-03-19
1869,142.59000500000002,-36.78,2019-03-20
1870,143.389995,-37.88,2019-03-20
1871,143.304004,-37.967999999999996,2019-03-20
1872,143.38285285714286,-37.674285714285716,2019-03-20
1873,145.95999,-37.93999,2019-03-21
1874,141.330005,-36.66,2019-03-21
1875,143.169995,-37.81,2019-03-21
1876,141.39999,-36.43999,2019-03-21
1877,143.50666666666666,-38.02666666666667,2019-03-21
1878,141.56666666666666,-36.67333333333333,2019-03-21
1879,143.12,-38.069995000000006,2019-03-21
1880,146.89999,-37.249995,2019-03-22
1881,143.3,-34.8,2019-03-24
1882,141.93333333333334,-36.99333333333333,2019-03-25
1883,143.38666333333333,-37.94333,2019-03-25
1884,143.72,-38.1,2019-03-25
1885,141.5,-36.78,2019-03-25
1886,141.45999,-36.67,2019-03-26
1887,141.20999999999998,-36.67,2019-03-26
1888,143.52,-37.88,2019-03-26
1889,141.8,-36.67,2019-03-26
1890,142.10001,-37.65,2019-03-26
1891,141.13,-36.7,2019-03-26
1892,142.16,-36.97,2019-03-26
1893,141.39999,-36.39,2019-03-26
1894,144.23999,-37.730000000000004,2019-03-26
1895,142.96499666666665,-38.064997500000004,2019-03-26
1896,143.06,-36.939996666666666,2019-03-26
1897,143.1899975,-37.85,2019-03-26
1898,143.10250375,-37.9825,2019-03-26
1899,141.689995,-36.71,2019-03-26
1900,142.449995,-36.72,2019-03-26
1901,143.03999,-37.75999,2019-03-26
1902,142.48,-38.079996666666666,2019-03-26
1903,143.75332333333333,-38.28666666666667,2019-03-26
1904,143.38545,-37.623636363636365,2019-03-26
1905,142.820006,-37.892,2019-03-26
1906,141.0474975,-35.73499875,2019-03-27
1907,141.64,-36.72,2019-03-27
1908,143.74665666666667,-38.129999999999995,2019-03-27
1909,142.89817818181817,-37.81272727272727,2019-03-27
